{
  "quality": {
    "weather_quality": "FAST",
    "leaves_quality": "FANCY",
    "enable_vignette": false
  },
  "advanced": {
    "enable_memory_tracing": false,
    "use_advanced_staging_buffers": false,
    "cpu_render_ahead_limit": 8
  },
  "performance": {
    "chunk_builder_threads": 2,
    "always_defer_chunk_updates_v2": true,
    "animate_only_visible_textures": true,
    "use_entity_culling": true,
    "use_fog_occlusion": true,
    "use_block_face_culling": true,
    "use_no_error_g_l_context": true
  },
  "notifications": {
    "hide_donation_button": true
  }
}