{
  "merc_biomes": [
    "minecraft:forest",
    "minecraft:flower_forest",
    "minecraft:birch_forest",
    "minecraft:old_growth_birch_forest",
    "minecraft:dark_forest",
    "minecraft:grove",
    "minecraft:plains",
    "minecraft:snowy_plains",
    "minecraft:taiga",
    "minecraft:snowy_taiga",
    "minecraft:old_growth_pine_taiga",
    "minecraft:old_growth_spruce_taiga",
    "minecraft:bamboo_jungle",
    "minecraft:jungle",
    "minecraft:sparse_jungle",
    "minecraft:desert",
    "minecraft:desert_hills",
    "minecraft:desert_lakes",
    "minecraft:badlands",
    "minecraft:eroded_badlands",
    "minecraft:wooded_badlands"
  ],
  "merc_spawn_weight": 5,
  "merc_min_group": 1,
  "merc_max_group": 2,
  "spy_biomes": [
    "minecraft:forest",
    "minecraft:flower_forest",
    "minecraft:birch_forest",
    "minecraft:old_growth_birch_forest",
    "minecraft:dark_forest",
    "minecraft:grove",
    "minecraft:plains",
    "minecraft:snowy_plains",
    "minecraft:taiga",
    "minecraft:snowy_taiga",
    "minecraft:old_growth_pine_taiga",
    "minecraft:old_growth_spruce_taiga",
    "minecraft:bamboo_jungle",
    "minecraft:jungle",
    "minecraft:sparse_jungle",
    "minecraft:desert",
    "minecraft:desert_hills",
    "minecraft:desert_lakes",
    "minecraft:badlands",
    "minecraft:eroded_badlands",
    "minecraft:wooded_badlands"
  ],
  "spy_spawn_weight": 5,
  "spy_min_group": 1,
  "spy_max_group": 2,
  "lesser_biomes": [
    "minecraft:nether_wastes",
    "minecraft:soul_sand_valley",
    "minecraft:crimson_forest",
    "minecraft:warped_forest",
    "minecraft:basalt_deltas"
  ],
  "lesser_spawn_weight": 2,
  "lesser_min_group": 1,
  "lesser_max_group": 2,
  "greater_biomes": [
    "minecraft:nether_wastes",
    "minecraft:soul_sand_valley",
    "minecraft:crimson_forest",
    "minecraft:warped_forest",
    "minecraft:basalt_deltas"
  ],
  "greater_spawn_weight": 1,
  "greater_min_group": 1,
  "greater_max_group": 1,
  "merc_health": 20.0,
  "merc_exp": 4,
  "spy_health": 20.0,
  "spy_exp": 4,
  "lesser_health": 48.0,
  "lesser_exp": 8,
  "greater_health": 100.0,
  "greater_exp": 16,
  "rocket_breaks": true,
  "balrog_breaks": false,
  "grenades_breaks": false,
  "bullets_breakdripstone": false,
  "bullets_disable_iframes_on_players": false,
  "pistol_damage": 5.0,
  "golden_pistol_damage": 6.0,
  "silenced_pistol_damage": 4.0,
  "luger_damage": 5.5,
  "ak47_damage": 6.0,
  "sniper_damage": 25.0,
  "sniper_scoped_damage": 30.0,
  "minigun_damage": 4.0,
  "smg_damage": 3.5,
  "hellhorse_damage": 5.0,
  "tommy_damage": 3.0,
  "shotgun_damage": 5.0,
  "meanie_damage": 6.0,
  "balrog_damage": 8.0,
  "brimstone_damage": 3.0
}